ch1_wl,ch1_mav,ch1_ssc,ch1_zc,ch1_var,ch1_rms,ch1_mf,ch2_wl,ch2_mav,ch2_ssc,ch2_zc,ch2_var,ch2_rms,ch2_mf,ch3_wl,ch3_mav,ch3_ssc,ch3_zc,ch3_var,ch3_rms,ch3_mf,ch4_wl,ch4_mav,ch4_ssc,ch4_zc,ch4_var,ch4_rms,ch4_mf,label
740.6381867943265,1201.9521730620952,976.0,278.0,5724697.0353380125,2392.6342012764812,71.20425827911284,593.9393017534383,968.011267067944,990.0,284.0,2854517.58487527,1689.531873303941,81.12765332231365,323.87846540464085,544.069446749863,921.0,302.0,1884613.004839805,1372.8121856719029,68.2150724491699,1068.7429652382962,1949.8366486842524,923.0,334.0,22379825.624528956,4730.732129522645,59.56913031392118,2
5671.605541025635,12181.245022608633,995.0,302.0,5035036502.501306,70957.99111464887,68.42801186384469,5235.95226719817,11917.906344088557,1021.0,281.0,4648069817.998575,68176.75423514817,65.55559393758277,2854.2511202773817,5654.206102995712,965.0,282.0,660935002.7722422,25708.65619963644,77.70871625317331,3637.2895924307677,7724.444659016127,958.0,301.0,1603305251.9404016,40041.295013151,67.81406911051586,2
9031.120862030206,18861.02847005259,1011.0,256.0,3880166007.0062523,62290.97856387121,63.87984211733018,7658.32857639072,16311.040929466692,1014.0,254.0,3459991322.817918,58821.690972308665,64.05945835502177,2572.060268591293,4370.891125652932,993.0,254.0,143514358.60578898,11979.74866582597,88.95522110947739,6755.266036598392,13839.458082357301,1002.0,249.0,1563387791.492832,39539.69906747072,63.38804297740459,2
28209.085414462064,59919.058845351305,990.0,241.0,70718878955.32108,265930.2146450503,63.81076968328892,24569.511529716583,49755.04895782503,927.0,309.0,73084104759.88747,270340.7197742569,68.88493054581097,10338.312607325353,21460.85355850256,986.0,247.0,4803823172.193649,69309.61859760768,58.747994673720015,12266.519377085804,22125.74859411553,915.0,329.0,4492292081.455883,67024.56358164971,65.63298789556016,0
11910.399561145163,25642.306364039636,958.0,293.0,6795379232.439847,82434.09030217916,63.63504935575394,10139.537939949178,22531.455849757356,954.0,276.0,6070999693.67873,77916.62013986263,62.74861371860534,3306.639848519086,6027.289832516343,937.0,318.0,755562835.7960234,27487.503412734386,84.91208212373486,5082.5312980960825,10611.109352285013,990.0,267.0,1346180458.282971,36690.33194769336,63.29055709692305,2
6429.909270276447,12497.487141622058,965.0,278.0,984974646.9314563,31384.319110089084,61.21908375677518,3404.564464990432,7627.575819941744,942.0,280.0,692296590.5526906,26311.529625340183,59.28572520242697,4786.561932954562,8144.12031366191,979.0,274.0,411062471.38000566,20274.695278263902,75.18518033187767,5756.433568539003,10493.295887241797,993.0,280.0,727995952.2568061,26981.40620629798,76.92122786124209,0
1952.2096035124414,3064.9127368833765,993.0,283.0,28776211.38221756,5364.3463254751905,88.6040364788512,1886.2571918567762,3217.375068212024,1011.0,261.0,29777330.313424665,5456.863491432116,75.68976635941418,1472.3813041681417,2399.6203210010767,1034.0,273.0,16092541.247742817,4011.5542795143238,71.9978326163477,1567.7284967458215,2802.172171330424,1037.0,246.0,21904316.578566328,4680.2052618775715,68.08287909759338,0
5426.791892067633,12149.660662408258,913.0,312.0,1854221741.5195508,43060.675134419806,87.53464455901025,4528.273998602949,10034.35937564694,902.0,334.0,1717506354.3933346,41442.80823539973,91.64319891442935,1785.651871060606,3370.436017994489,869.0,318.0,171888315.25074643,13110.618472791668,88.35198738604642,1962.0749715114296,3289.6475844936244,899.0,327.0,112257192.69956899,10595.150013088212,88.79045952081917,0
10533.734956618657,23449.956922050253,977.0,294.0,8064743753.432735,89803.91862358333,60.12645065936935,10359.860040938747,23426.9359312447,991.0,308.0,8311290570.348739,91166.2798251233,60.0206663052664,2351.6371191354046,4240.003103269612,947.0,302.0,285352333.56625867,16892.37558040543,67.70435068647635,2838.531623940252,4948.863883109213,964.0,300.0,253181915.264599,15911.691605078893,79.89463615162863,1
2109.1459343596775,3139.5244844615872,976.0,295.0,70758450.12409997,8411.804214120444,92.08895404445391,2377.469945785154,3494.29547514809,964.0,291.0,125287159.39147837,11193.174678887906,112.22366876299739,1902.45312983841,2520.362749432298,944.0,329.0,92601560.00389913,9622.970436385784,108.81301740119542,1873.6184543130746,2792.7009670874436,965.0,322.0,90645576.70125629,9520.797066430057,108.77821097284382,1
1276.1746415352127,1930.9536499767084,953.0,312.0,10979207.770782588,3313.489054036033,81.69233153443989,769.9461745917712,1225.1673525831056,990.0,277.0,4291234.556091117,2071.5296451166855,75.58891364799182,896.5141510096196,1370.0165738132414,913.0,326.0,6707759.989774095,2589.9344238503745,69.48719394348682,1786.317524773804,2754.1529595235143,957.0,288.0,34585591.106202036,5880.952296736003,89.77982517418957,2
766.1311391618109,1281.4885975685236,984.0,267.0,6869549.827619419,2620.983309189017,68.28934612889601,615.2149702838091,1042.7783902364,1004.0,279.0,4036403.0322819375,2009.0812222827642,73.20626248884953,327.91910073047984,549.0456246807646,942.0,313.0,1845990.2075714455,1358.6722615855024,74.59330287713541,1145.7092309494794,1946.294640053851,912.0,331.0,32761687.774520595,5723.7826459777625,71.28689704231361,2
1439.6037137795104,2374.898029900076,1006.0,276.0,16093474.896401498,4011.694750944385,86.66652648983256,1278.464069110823,2130.0767520601275,1030.0,249.0,15322912.596367959,3914.4532543798555,87.82831877983931,987.1739906460399,1541.2514415504631,974.0,288.0,7910935.717112368,2812.6534579295126,93.77317820065784,1568.0997397550157,2701.9140112723867,1057.0,240.0,19856213.798592348,4456.102171866272,89.93620991143752,0
1304.9959614783454,1920.8534599799736,936.0,335.0,24513717.57635867,4951.132969894495,102.94110772901887,1410.8680131815001,2171.5626098702774,963.0,329.0,33981626.70382769,5829.3761941500325,100.28018426147575,530.6710704124743,770.6750844564675,908.0,361.0,3742263.568539565,1934.4931083915367,99.83847447305705,860.5713522065445,1312.4987783187662,930.0,328.0,12516936.655372547,3537.9283108037635,88.01101911258169,1
1407.8445203433828,2535.4924557871536,1019.0,255.0,30978185.67754834,5565.805279410016,77.37241191289623,1074.2402089938523,1899.465047586901,1042.0,244.0,14260345.441830901,3776.2876459389895,77.88123249036232,595.127237428002,1115.2580841172212,983.0,283.0,6645903.3786444515,2577.9649724657734,73.52482423204792,1525.3927127801824,3247.0012390124543,974.0,256.0,100218062.23462379,10010.897333079161,60.292816550102806,0
1421.1551443294388,2321.7445139330603,982.0,285.0,16299256.104755862,4037.234473882401,63.920746754853724,976.6206056083948,1558.4741218129113,997.0,279.0,5622022.282720695,2371.0804042906066,74.1661773882063,999.0892318235867,1667.7272762754121,941.0,306.0,12038928.930673875,3469.7168850861453,60.098991928949815,2162.858222050526,3637.6751738524017,992.0,285.0,89808605.3526173,9476.752025502006,82.44252885163344,2
6634.032973162605,12630.772730019313,995.0,282.0,2161092094.2181125,46487.547739482536,71.08028815278988,6190.4526487390885,11932.839284643667,951.0,284.0,2066969110.8408391,45463.93199116048,68.65058505369068,1219.8007454632948,1925.4097930259936,965.0,302.0,23291353.631542422,4826.11166770917,77.27796278466474,1520.4301277591455,2596.2267560304185,966.0,275.0,40387375.70728144,6355.106664074864,79.4139476598554,1
1822.1068747010595,2775.292512590315,957.0,309.0,44042698.00933269,6636.469268026784,76.00536068917724,1672.0035066810326,2595.002201407762,973.0,302.0,38287991.681295134,6187.729691655971,79.08339973150906,874.8632887075789,1415.4680417752045,946.0,300.0,8823112.815638311,2970.3735166300435,62.759151603860715,1360.7083679588147,2372.2746269671416,972.0,295.0,38600473.33803247,6212.927929717468,72.34100406536521,1
2075.9244620786676,3627.141526186074,967.0,271.0,64111022.477689005,8007.080804181043,80.62350251656866,1708.1574185297022,3002.9681391845957,963.0,297.0,54108585.950054474,7355.872976693419,86.2298955691414,1108.9642348861369,1668.0666203215253,951.0,315.0,11061033.321092008,3325.961825228309,77.06916990293357,2257.1718517509285,3871.992007856335,977.0,295.0,78851019.72081032,8879.815369220321,89.3575401064049,2
1408.5133780865215,2510.1784045693344,1008.0,279.0,42146679.968347356,6492.049282927883,73.89903049913595,817.3403246790601,1314.2293938325151,1031.0,265.0,4306322.430286891,2075.1745988111284,100.07943079736226,1043.0557521239411,1926.1833927333562,973.0,314.0,33379537.30900143,5777.511611473451,73.56983438890343,2010.839262001863,3543.027577563518,943.0,282.0,71669372.0543405,8465.871239778777,80.22702893578669,2
1558.7755240677034,2794.8687992772425,983.0,287.0,29759371.52734818,5455.216942037031,64.28921295441054,1158.2057888139595,1937.2621531472082,931.0,320.0,19396523.910876542,4404.150988756315,80.60219365628531,1017.7222297696252,1729.1613653434204,943.0,317.0,11945748.316047024,3456.2745688694313,70.54318164589884,1508.030192117129,2515.436996583334,924.0,328.0,25855524.972126335,5084.843487059092,82.53187811926125,2
10644.94022009694,25203.423258159262,981.0,263.0,7811479874.960562,88382.57676572826,57.27051101467345,6933.033458709919,16652.206426387063,954.0,296.0,7358333284.344166,85780.7279309815,58.36793880517706,5847.33038312587,11573.979580741117,981.0,255.0,1725761913.1623769,41542.290677571065,72.65976176925564,5812.586602258665,11464.595925806807,962.0,277.0,1429994229.149589,37815.26458119984,57.1527197810602,0
1841.7009820794738,2894.6672878633885,949.0,292.0,42765239.395522684,6539.513697193464,69.41926328997401,1212.3101794003398,1844.1418205022826,962.0,318.0,16048581.69787796,4006.0681357005737,69.68370816518852,843.0367722357299,1262.7188146287583,926.0,310.0,7992090.405456652,2827.0285860549748,71.02989897002745,1024.903065237933,1533.9275502493385,908.0,325.0,11170974.068410061,3342.3007169256193,82.78191305849566,1
9988.78649985972,22359.627898219125,949.0,299.0,7801994333.724799,88328.89886986697,61.55983212866599,9621.027563205422,21827.758666921698,938.0,317.0,7815181724.480261,88403.51651065341,61.01386643609798,2005.5175671348075,3578.6726076501036,953.0,315.0,183171781.17728522,13534.097567691066,80.94230948428628,2235.1048117307146,3945.599060102459,949.0,315.0,165184587.8726342,12852.415802027119,81.59069130674447,1
1123.841835258408,1803.129037422544,1012.0,275.0,7989142.107612798,2826.5077338759907,84.24495457878052,941.9245432390189,1592.414451735743,1020.0,270.0,6328703.314409233,2515.6917466929867,81.56221444653251,664.0068456009594,1006.4437997129556,968.0,295.0,2460504.251086338,1568.5995810971494,92.52872370051313,671.5817316234418,1096.1877934385864,1011.0,273.0,2786290.667336648,1669.2191790928512,81.77775908498425,2
442.62277239304865,710.5662985560194,960.0,255.0,1465362.511871051,1210.5216806973383,74.923848268158,358.1212930724911,586.9426872524546,967.0,277.0,1011607.0903608217,1005.7869584924289,77.9738871226326,190.6208727914583,263.23489643529484,882.0,344.0,216159.07972108794,464.92912129253864,89.65508861726398,258.43393939008206,358.3566178261614,894.0,357.0,394477.2549140578,628.0743323198186,77.37790240396792,2
1877.0059786740528,3658.48491113134,1002.0,269.0,91808522.35803816,9581.678018520202,65.71166303237602,936.233802730949,1592.8531240969703,1016.0,273.0,6432714.386910394,2536.2812397157977,75.90071013748354,1430.9593176646583,2883.2108333509905,958.0,305.0,81043381.08542074,9002.41019936219,58.96583204980797,2860.06420104239,5753.425135752284,975.0,255.0,322354708.4570224,17954.254846526703,62.002976556670184,2
5424.0565270587485,12309.564856289344,977.0,288.0,1740774649.950046,41722.5922682978,51.5362165423139,1027.156574826216,1721.9410773777636,1008.0,272.0,16387976.829095304,4048.207119062885,78.06700385905931,5131.402277511021,12016.71614111727,937.0,302.0,1747874717.8073099,41807.59197018511,51.338143420903876,10113.947089359772,24232.131459738175,975.0,269.0,8749563528.904531,93539.10173753918,56.73961664289881,0
2219.7876092141673,3624.061055409781,1034.0,270.0,48136827.51767709,6938.071469797396,89.81798142006328,1856.7670351429433,3057.7853547261016,1046.0,262.0,36178041.61536286,6014.823610501564,91.18090507997385,1393.0955051054248,2221.717821984643,1014.0,275.0,13923776.294587748,3731.4610338377015,90.30926206800788,1483.4925201069937,2583.8372195895217,1025.0,264.0,20991865.458309703,4581.688958844941,72.58295709282712,0
752.6569969751681,1051.0429693448752,928.0,312.0,7874314.2419971675,2806.121295910048,119.7985126631697,647.2374986867412,913.415327431928,954.0,286.0,5330700.658980764,2308.831917610098,131.54817250085077,483.5317032734544,706.5129574250345,926.0,321.0,2605060.594937581,1614.0200509938602,95.83666063038659,733.3968650414669,1099.1940942130598,964.0,298.0,7034874.144191362,2652.333719518902,104.20158423424122,0
1918.498147201056,2962.8474208981156,952.0,286.0,60027448.57630468,7747.738323361002,82.95512178672024,1290.7700245386238,1949.6946052441865,948.0,302.0,21226463.54077862,4607.218815682966,76.29819229202933,1030.9744586076004,1549.928884054236,932.0,317.0,20180073.28745518,4492.223708776509,93.67205944292371,1281.0369181247677,1905.9707684788987,914.0,318.0,27820618.96866856,5274.525515681742,85.88895822869752,1
1488.6483684902585,2226.207400519358,944.0,302.0,42706657.354779504,6535.0336735352275,97.40490319265716,949.4526592601169,1311.8180961106848,910.0,324.0,11454673.440315332,3384.4755309275693,104.95084001142712,786.3842448356625,1220.153121387681,883.0,338.0,15347724.364914754,3917.6176362873566,89.33325858118056,951.284436286287,1439.823706152404,897.0,326.0,16034019.042771056,4004.2501513657057,89.38569349601232,1
10388.417552117899,20273.405390169486,977.0,294.0,4224350556.4918904,64995.0040891956,76.91697600369653,10173.93597041482,20104.26458070555,977.0,286.0,4170333484.394212,64578.11924677839,76.10004908952052,1611.182098186444,2241.9749570998565,932.0,321.0,28847451.376518507,5370.982500110758,107.24112358107345,2439.7257524598012,4132.320900724454,974.0,280.0,129069127.13285655,11360.859479917091,83.7913968930465,1
1953.8732848454765,3610.6582495619714,947.0,317.0,113799387.63185444,10667.6804259929,63.71300591770026,869.8309560133919,1376.3747449690616,967.0,295.0,6456772.017112505,2541.0207943000396,81.38769960393276,1491.5519177968458,2912.9806280046732,934.0,319.0,88658736.35505141,9415.876836248835,62.48841165459508,1599.2632358740466,2850.6344516328477,952.0,293.0,68213349.18006428,8259.141235116862,72.85188036784682,2
2785.5002592757555,4072.7805813268933,991.0,300.0,119719293.401283,10941.631577945112,95.07523296691784,3217.0253802984143,4793.50863422042,1015.0,296.0,172609504.26859283,13138.093930298855,97.20981688764056,1996.2356162595663,2980.44585654167,974.0,294.0,67092559.78426701,8191.00480935033,97.75229050158195,2198.17548389459,3126.488403739001,959.0,296.0,82307203.88274632,9072.331873279558,98.88032251099145,1
6055.310965903529,13522.938176061261,972.0,284.0,3038737498.404504,55124.744931140376,63.52114379705954,5313.532259322298,12130.761771539428,946.0,318.0,2982657471.7093253,54613.71141487622,63.26268772286575,1640.422131381494,3211.248710222237,961.0,302.0,111909213.87282929,10578.715158652321,78.2585863417664,3808.0706490211805,8220.56156843012,923.0,321.0,912667815.5867128,30210.392686889183,77.1388451000256,1
1150.8822443824245,2010.1244747385083,1001.0,287.0,20867218.206739232,4568.068279348745,67.64728934032446,913.5029020659669,1518.5867539921937,999.0,280.0,10843893.806405678,3293.010500240811,71.12461929688975,537.7322167042298,957.6664852417507,948.0,298.0,4021020.1631300333,2005.2482611303337,62.456605068227304,1410.282292194909,2739.677119380704,929.0,301.0,69092790.56909403,8312.210826024751,62.703691764341315,0
749.4191962956974,1071.9364555511415,922.0,333.0,5329370.368938333,2308.5429843163693,88.67859824936222,511.1122726665077,761.6378916974761,896.0,336.0,2731081.7645313353,1652.5995166745793,90.80009467597543,544.6708697241162,876.8501029050536,932.0,291.0,3955687.073090274,1988.8912649017273,79.59080089323687,394.7732256979457,585.0606909682971,932.0,317.0,1236796.2491065299,1112.1157607777648,84.54051647013952,2
1619.6470665676297,2616.876961051751,981.0,284.0,18668252.277391415,4320.697932123298,80.10419266484594,1253.5447262816845,2051.422508769962,977.0,276.0,10520296.815994881,3243.5021401462673,78.19722334816309,918.5181017921291,1381.6396586562848,977.0,296.0,4740149.133860718,2177.212882927152,84.24672025794573,1028.980884887365,1713.811640345262,981.0,278.0,7628811.119876815,2762.0610620777265,78.80818668241264,0
646.8571189341568,1149.4569769399654,900.0,330.0,11225992.192081297,3350.5211835032073,70.25946313836138,584.1964831880149,1040.4056356896042,913.0,344.0,10382445.303564163,3222.1802151800935,70.2409584409583,318.1245045029385,492.71491363514224,893.0,312.0,1297151.3959291615,1138.9255454823124,83.64986007968741,667.6869573799006,1238.864590992046,934.0,301.0,18053492.909664933,4248.940227607857,69.03080728038653,1
1795.7256704816089,2748.022019444068,1005.0,290.0,22521075.324796624,4745.638589412883,95.19956291291811,1522.283570835754,2343.926099792176,1009.0,284.0,14681143.189836837,3831.6001709343705,97.82342919157104,1107.4092810298573,1674.5177802403234,990.0,307.0,7571768.537604919,2751.6847493053806,82.29177391331305,1159.4735920431997,1788.5433646531962,999.0,289.0,7119306.940177029,2668.205525030005,94.55664860622319,0
1516.6094343966674,2222.1363140130097,948.0,317.0,31165151.251192026,5582.575726342215,93.04665761997283,1256.5090692154608,1781.603519208963,926.0,311.0,23377758.61581818,4835.055195483486,94.33337730982224,825.8358162121182,1116.093455051841,924.0,325.0,6609754.765407317,2570.944366576548,100.29517791495215,1041.7420232285967,1385.5911027094571,921.0,338.0,11956312.92424006,3457.790289263492,102.54210332642539,0
1314.3909759845137,2160.272686274967,1000.0,281.0,19294391.78384828,4392.564157896828,73.62436941865984,1271.0074562142402,2184.2038346640898,998.0,289.0,24422678.331192315,4941.94602958084,79.72639866958167,912.8410510767123,1482.4700839675354,972.0,293.0,9964641.157363145,3156.683272354837,95.44619372597714,1166.6808862470402,2054.377698775915,993.0,268.0,20503913.660408217,4528.136271245232,78.03158553082565,0
1625.2612759711044,2833.6792861247513,1003.0,286.0,38743265.808585845,6224.4093962136585,73.63266023957627,1238.1570171982053,1970.4657970100077,1007.0,288.0,13157469.576301351,3627.322858716777,78.88960574074561,770.423973136192,1462.6606605668144,969.0,289.0,16446764.103491241,4055.461257961266,56.79710522574969,6528.248398100471,14186.475239344825,963.0,289.0,2661664518.2254286,51591.32227838032,69.96961531301497,0
1131.1364253486254,1786.3757996868787,933.0,319.0,8148792.438350097,2854.6101492168345,84.16981908907188,818.9821177181698,1164.3677030025879,930.0,313.0,3179002.9466048186,1782.9758963907975,86.687948673637,652.9596282838705,1023.5561465182676,967.0,305.0,3005606.566058667,1733.669971418358,98.83453536734761,752.3844694981832,1105.1976481914726,960.0,329.0,3209857.6420287257,1791.607737615643,87.56031515911545,2
721.6527721121249,1062.1856662702523,939.0,331.0,5657040.439304077,2378.4534494043032,79.38911980782733,569.4797013566019,956.3933442684386,977.0,277.0,3977282.0143500483,1994.3132312883827,74.16728406095748,570.0344282517573,888.0677114915362,973.0,286.0,3143480.6331120627,1772.9866545830916,89.34607050535836,592.5185308807374,974.3784469391915,985.0,292.0,3179721.9067219654,1783.1774749005876,92.73565143464756,2
738.3080703867356,1243.4969847122404,1001.0,273.0,4119605.70991809,2029.6853330128727,70.3180067254221,626.9048769541632,1030.436098725822,995.0,265.0,2619506.6588349855,1618.4928629095289,83.81097559683488,295.6658958076131,508.96967440590913,930.0,313.0,1313666.0839422538,1146.152938371981,60.1129482056921,1076.4692060059092,1695.7918404058344,923.0,309.0,12967909.327259587,3601.0985983650785,81.51898752760539,2
7450.220429033263,16049.29449579936,958.0,295.0,2693087247.9496756,51894.966896091995,57.369191935361734,5666.234950143428,12671.677734450874,922.0,303.0,2158764011.3524594,46462.502868885604,57.49506915934942,3636.730497149936,6590.006355492821,924.0,293.0,398676444.2889124,19966.884462253227,74.32329262015848,5919.433085199883,11669.855951948039,971.0,292.0,1017661359.6687549,31900.8490768692,58.647907580766976,2
852.7558962103824,1359.03288644707,952.0,311.0,6896894.947196774,2626.1940640365356,77.11070134458646,505.46601183059175,834.5736814012048,988.0,277.0,1761677.927549232,1327.2822201535434,84.59420958424067,593.5653523521966,935.546915500077,888.0,351.0,4567428.477755801,2137.154509571748,68.13377528289422,1748.8168776441223,3093.197877201887,919.0,298.0,83815320.59888656,9155.204454177376,65.62494274359653,2
1211.7355108017039,2041.9026855862048,937.0,320.0,31823144.31881656,5641.201007540956,69.1421483546204,1050.8720677498766,1948.7534596303387,955.0,301.0,36221364.99624031,6018.419002509121,81.18846276666869,945.8076330562275,1640.2541540927082,920.0,318.0,25207591.058139656,5020.716262821067,75.57518241419005,936.1039440227869,1456.2245571462954,927.0,311.0,14944367.022606056,3865.796851660834,89.56013121754332,2
1199.404195315196,1892.9453960479796,987.0,276.0,10028677.287023786,3166.81433353074,93.63338545355433,930.1127309560677,1434.5619274916126,978.0,291.0,7025372.202053792,2650.5449893222203,98.25266472118903,695.7127729459788,1078.8728876210585,997.0,272.0,4001223.41471314,2000.3066739786839,83.9593058150833,2339.361737006103,4931.968516236726,1023.0,267.0,752532787.1881335,27432.331281709576,73.00114764025305,0
1231.9747643039836,1965.8139629472505,995.0,280.0,21469434.102775797,4633.5120855602945,80.0723045658806,1239.0034428326746,1979.965230773104,983.0,294.0,26813687.340939637,5178.193523114066,80.51397817405211,568.0423649831349,933.5201320872669,969.0,279.0,4433218.086171104,2105.5209243419704,87.26192807998623,2345.7675144243817,4385.179637662255,912.0,340.0,169319307.25619417,13012.275266664627,58.70495686624467,1
1796.4646441193627,3041.2850715545937,944.0,328.0,69221655.09445645,8319.95642247752,62.969798580148485,1315.5102271607884,2005.9407914475642,954.0,308.0,16674527.96649613,4083.4544110299453,77.88163494008933,1409.4805122724238,2619.9965214081503,967.0,293.0,78079974.9232784,8836.288418626358,65.11673835399786,2309.4519432982365,4368.541956882492,942.0,316.0,169193041.0693337,13007.423019586455,59.87049866621242,1
673.9719840635155,1089.1530207746546,1013.0,268.0,2431082.116895111,1559.199678189754,68.70317120005463,597.6873085514286,955.6427580074903,1019.0,266.0,1732419.1025934971,1316.223039244328,79.93879345330397,289.40905408295527,478.7498157607659,970.0,292.0,861121.9357446085,927.9666192379244,62.94166774702574,874.8651129747016,1535.861589803218,936.0,288.0,12975233.199359706,3602.115776293273,67.2427077981325,0
1472.8627450435736,2255.0769649184276,963.0,291.0,13911974.233499946,3729.8766596094806,88.15073403172487,1091.944031246088,1722.727473963358,987.0,291.0,8318559.030727557,2884.1918531387005,81.05419610881371,817.6476826657694,1201.6179310596244,960.0,301.0,3758208.611058169,1938.6099877743409,95.54398167898161,808.7723475796549,1243.6241912726166,966.0,292.0,4188805.927993754,2046.6572818173731,84.91413949959862,2
1036.627759039513,1596.2542029849876,999.0,274.0,11026883.828374134,3320.675325524963,97.31631027321615,768.0933091201414,1199.8949598290749,985.0,286.0,5439480.078489361,2332.300553075081,97.83221593580737,552.1906216689782,817.9609859234731,907.0,326.0,3322239.9044434084,1822.7462612325603,93.96133223581968,631.5313917245151,977.4698688108414,971.0,288.0,3498729.884596572,1870.4909007728359,98.56136480970866,2
2024.7922239626575,3253.663363253821,964.0,326.0,73182550.19211978,8554.680032394088,81.79483105501178,2334.552418494426,3743.5725463825324,954.0,327.0,150147829.1082933,12253.482343486034,78.87042167274579,1775.7990844661194,2890.5520879325654,894.0,346.0,86734095.91403267,9313.11419006627,89.61411411103556,2197.01261444538,3571.581987070738,884.0,353.0,128216232.34020402,11323.2606862484,71.90582281548646,1
2318.3350918569004,3481.6352538018414,1003.0,291.0,72550873.80601755,8517.680077359764,103.39918159402687,2478.3859817146017,3779.650495161917,995.0,283.0,106723853.14537293,10330.723762532753,106.8000475125787,1844.2855975809227,2751.9731778379987,956.0,292.0,52921814.91574709,7274.738137308186,100.46185956323465,1924.6838076668664,3049.5770761876133,986.0,286.0,62611595.359572075,7912.749007010543,91.78660582805134,1
1395.2624637826686,2195.807322150339,969.0,312.0,36127760.92775715,6010.637356549337,82.65506299594257,1383.2294101874977,2248.7303521671843,1003.0,297.0,43481430.60763042,6594.045164527807,81.0939387570013,667.2284979543675,1028.807595105685,932.0,331.0,7776814.6874911785,2788.6940993789717,102.3907158190465,1193.2375283632905,2140.6309534469415,898.0,320.0,76776554.92359014,8762.223172439815,82.98300974060932,1
2902.833527660844,4689.586285039326,995.0,307.0,144733496.90239987,12030.523555467867,77.54405363915228,2751.6506973047017,4630.562096298223,995.0,303.0,146209653.95883447,12091.718599435557,72.09439588411603,1615.1377748077969,2381.6032420720417,987.0,304.0,15425299.746314796,3927.5059399473394,89.19152639638772,1821.2384329606086,3056.453111682984,1006.0,288.0,27849956.023028936,5277.308849705236,78.69514842171505,0
2798.2628576721227,4836.670639089856,1006.0,292.0,350150804.5731798,18712.31693430426,77.80386352859428,2754.624777034161,4904.39473352594,1029.0,283.0,351659144.7027484,18752.577046361657,77.99474693517851,1153.3942796616107,1743.605460468993,978.0,292.0,11808133.152747668,3436.296461833057,81.78840570812889,1413.0636293794182,2424.9964017710768,998.0,271.0,24967821.207274046,4996.781266730426,81.83747738588245,0
3337.522020722007,6528.226300188549,949.0,298.0,860464219.4548169,29333.670557411755,67.62228563910932,1834.4695107274156,2785.824494891336,977.0,304.0,61627254.3068767,7850.304224614764,84.93895074864453,2879.899095117301,5804.608756370375,961.0,316.0,931598463.8649609,30522.098015250813,71.163049443571,3673.994733519388,7978.335742631346,971.0,294.0,713592411.9001621,26713.15136145295,61.017206930464354,1
878.9664541461558,1337.152527047176,945.0,313.0,8720616.22706514,2953.068966494441,88.54210246130968,521.0416284511833,789.8262146503832,962.0,306.0,2623697.952662059,1619.783309538296,91.15730087229652,663.4367554726676,1018.076623054493,960.0,286.0,4378943.86780089,2092.5926478613487,87.5194223258705,452.4278277054094,665.3211423634879,939.0,300.0,1668061.009539955,1291.5350008049386,89.28350008369534,2
8886.165507804228,16561.3751891942,967.0,325.0,3022197078.056574,54974.5129885458,84.29980790461072,8781.403996157309,16410.585873016364,979.0,315.0,2902469834.25995,53874.57503118472,84.57520588565023,1431.6360837592617,2017.5887296326664,931.0,323.0,27403321.847389378,5234.818404982885,108.80574557148304,2081.817488559921,3266.828353958413,949.0,322.0,79988902.85841034,8943.651558168283,78.45645188810735,1
1820.1057399589022,3135.9187118474088,1005.0,264.0,40378426.84369151,6354.402650025573,80.91149425285077,1382.607425790195,2308.994910674787,964.0,294.0,29511268.84868178,5432.427985951134,80.71000514665111,1211.5816510431218,1965.998789211595,994.0,285.0,14639307.69751349,3826.137701246043,82.68530637966663,1873.2120041305884,3079.7187293089387,988.0,277.0,47009773.4009114,6856.372862692778,82.48522326944892,2
1285.272124217621,1895.8695183382097,963.0,323.0,28119859.01768855,5302.816566370302,80.64909017443775,1299.4768182165778,1954.7000073041104,937.0,321.0,32372931.489879493,5689.7219041274875,84.30972844524334,553.0183363590451,869.9166971039836,898.0,340.0,4885996.53024665,2210.4290376096055,85.43296834565584,1430.8210022870442,2508.462727667149,868.0,354.0,52349144.62971421,7235.28140094933,72.89753448090028,1
1866.7234263021553,3138.6276507965526,971.0,291.0,75990528.95731063,8717.254700919428,79.31842939992359,1119.7157663789044,1775.886379025313,933.0,296.0,22909712.178809498,4786.409175496873,84.35634736187458,924.8487880624415,1527.2076509457577,941.0,306.0,17503361.390393868,4183.701878444027,81.79562557283445,919.551829835811,1403.3095192337637,919.0,322.0,12838227.964678336,3583.0474910131593,77.90339271438486,1
6344.749667738946,14996.73298302883,1015.0,248.0,5223341713.050159,72272.69007164183,57.037590094593455,6014.098116545848,14549.766849515414,1049.0,258.0,5223541377.302912,72274.0713112758,56.99554241193842,925.8107220646875,1390.6074201975885,967.0,299.0,5816497.823019445,2411.7422779074327,88.65520884015237,1716.385859055523,2983.9470523835125,1031.0,250.0,49213827.629460976,7015.256887640825,93.50028619105471,0
1919.897760703505,2997.43527951223,924.0,330.0,63184125.427827485,7948.844345929559,79.97468222877373,1519.3194804221364,2211.633735735626,972.0,319.0,40154192.216472164,6336.733619063624,99.55735130864757,1188.4278285454725,1956.9127044767101,944.0,309.0,31197751.751398556,5585.494764015039,67.47184132327864,2335.1174179660006,4872.455609781371,959.0,273.0,191551191.5027303,13840.311777164701,55.252448665892565,1
909.872996121572,1347.4668757721793,927.0,279.0,4999873.582591251,2236.05245024524,83.71077067757311,770.9120844477039,1105.6135505305533,909.0,307.0,5305792.356958893,2303.431424815627,89.8729421678645,577.2872447504905,847.0992937055463,961.0,275.0,2714918.3990517636,1647.709497892132,104.81357708920214,772.9731305938435,1258.994411316901,976.0,277.0,5520933.897128806,2349.671018365253,70.0952612280039,0
815.6485225924932,1421.2656999865717,932.0,313.0,8252650.778157205,2872.7427589780996,65.34446719695771,644.4784828976339,1059.1332180354568,926.0,315.0,4540435.806390586,2130.8298751225075,63.550950750159096,386.0323437470289,623.1235302781256,889.0,331.0,1487871.0612326816,1219.7832045441298,76.97130923841644,504.9544675517641,830.1784394241417,885.0,331.0,2942023.307279953,1715.2329302049789,67.64072898240794,2
10235.9465206736,21693.452213298882,983.0,297.0,4669559788.735509,68334.17731091651,59.26282644261468,9645.984081624107,20914.643346685683,977.0,311.0,4547209896.74984,67433.0030240516,59.251281307655894,1720.1992886990083,2350.472538898862,912.0,320.0,33525032.454174288,5790.080526163095,97.88394341391758,2125.628494239041,3458.5388506289646,944.0,339.0,65258034.18591476,8078.24450870379,72.3774852965194,1
439.79893134045614,640.2567301108869,898.0,326.0,3135340.6363829593,1770.6894017109648,88.6322048594008,527.6796553612799,877.6419950175138,934.0,310.0,5273311.83826276,2296.3692912794845,81.5649328188325,360.97604634273085,607.6046767365771,927.0,307.0,2030771.3867740007,1425.0515557513002,87.40114378603457,431.0214078419137,658.7259036043661,930.0,299.0,2204107.6062466153,1484.6237738836094,84.78598726383359,1
822.7037053376362,1325.1328356949227,977.0,276.0,5485013.778639057,2342.013636245811,73.72105980074708,687.063242652316,1100.49617080568,973.0,293.0,3478201.5341138947,1864.9974904865935,88.93755351271544,385.8959225709712,644.043260430507,928.0,305.0,2291133.8291983507,1513.6491774594554,71.47791394509565,1953.647723973472,3487.487424881618,913.0,344.0,109009491.96506421,10440.762225766368,68.32602040228599,2
9803.423511319823,20754.736287355427,1036.0,254.0,9499838396.935337,97467.11449583362,64.4068108493882,6628.2521081190625,13005.905874560318,1056.0,238.0,6046348879.411668,77758.27213012987,77.34438759842062,8465.187181992005,18804.786269640656,988.0,262.0,9120118455.175777,95499.31128786018,67.2664074412225,4941.350040549201,10699.666292850741,1014.0,263.0,3182339591.846384,56412.22911772174,63.39723771307587,0
2404.079995129347,3661.0468063932312,986.0,312.0,48584731.8668048,6970.275299086622,82.35795710751238,2557.3404506993506,3918.9504328496632,1035.0,288.0,56092650.04670442,7489.505297755962,100.39613233501285,1661.8020159664798,2356.4161948477954,980.0,295.0,23425023.254840907,4839.9418871936105,109.63472568788751,1714.7327802225275,2636.735227688769,1000.0,299.0,25119593.949085504,5011.94715362879,82.9160920664445,1
967.6403697323135,1570.4964588201253,987.0,267.0,7716798.699111659,2777.9129220029336,81.49284568563137,791.0652819962106,1267.713880582276,955.0,293.0,10270186.320358466,3204.713900582448,89.0138373732416,679.6449692818875,1062.8738842545893,962.0,275.0,3893107.794322708,1973.0962399242337,81.84758804425385,1058.0536116001142,1696.7823660693607,1009.0,273.0,10586986.053686762,3253.7672095586154,87.52651728842768,0
814.2357168428993,1237.7978216595486,927.0,342.0,6953374.609890678,2636.925219128437,93.0410752726241,650.8421070391594,1023.9782451122823,935.0,312.0,5522335.393887886,2349.965065417043,90.04548710559023,392.1708357673161,529.7005757444972,865.0,381.0,1126455.4920103368,1061.346218762386,100.40550930622705,441.6912101045047,669.570065421099,866.0,362.0,2199867.656941637,1483.1951475464239,83.84826078929645,0
4182.689394071408,8281.835152213627,945.0,301.0,627313806.4153295,25046.23492517197,58.53887116535346,2826.4574059622473,5811.8711973467325,930.0,305.0,466993111.25638133,21610.028959397692,58.8876843277124,2266.5856460367645,3861.4708960471316,926.0,295.0,143960321.19305944,11998.348326482886,78.20126914532607,5613.958337916949,10847.704644226771,994.0,272.0,744481758.7840918,27285.233303897872,67.86183760587976,2
2224.9315569585015,2907.8805838899916,951.0,346.0,46269689.42033528,6802.1830248263395,101.85564855159238,1411.5663441373674,1848.2867195081405,953.0,304.0,17112749.55304533,4136.756009007612,120.62545735063877,1313.3988798513167,1793.3965798207678,931.0,306.0,16453031.605060989,4056.2338914813777,106.46543795331563,1291.470381691502,1587.9675742399907,918.0,341.0,13664789.165654577,3696.591561291637,121.29564161475639,0
2268.519391195991,3447.337419827863,993.0,288.0,49899343.04649579,7063.948490738656,82.1226564720482,2461.8170501802283,3695.6077985417433,1002.0,298.0,79585407.17374074,8921.066639981635,104.06336154510622,1713.4504683806301,2662.848538765717,978.0,296.0,44259565.48085484,6652.786298072763,101.82312180418798,1841.5224476659814,2843.8013925018395,971.0,290.0,46544364.43065841,6822.34584964273,92.20443918257618,1
1306.6040797211856,2182.0369000790406,1004.0,269.0,20321927.929133613,4507.98618093619,83.60728489194706,984.081974109689,1719.3798687889434,1044.0,259.0,10585324.441032251,3253.5121737296295,82.86228322234004,764.8675290457327,1235.2542141205472,975.0,295.0,7841389.049709538,2800.2582441175914,87.24147684549699,792.0881160973923,1359.5408313387459,1022.0,250.0,6553808.545997207,2560.0467866985987,83.94020308166535,2
1428.97433238775,2299.1681201502715,977.0,297.0,14676730.73529274,3831.0248949695488,83.57376907552863,1066.9881307134876,1775.792092307439,1002.0,264.0,7212857.290038541,2685.6771757806264,79.64801289699155,956.0213774254601,1458.3011148333146,970.0,307.0,6068903.228567505,2463.515573984205,95.34963818277438,908.8963373908645,1558.1189129902489,998.0,283.0,6143553.851961649,2478.622784635137,68.89530593574472,2
1227.2425846810308,2133.364450225477,992.0,270.0,21984677.28335804,4688.782764296351,71.76276586577711,885.2803438891076,1485.8144556009183,1015.0,268.0,7877281.227957823,2806.6496606689648,80.43330204384449,681.2879456118109,1269.6644410100475,923.0,324.0,13313008.802538725,3648.7012192641837,58.12284059687458,5498.258019560464,12257.525633393616,933.0,316.0,2207787472.1217656,46987.10035480882,68.14674303680607,0
1814.0841802180223,2806.663846345675,983.0,292.0,15465169.310787244,3932.58544427222,85.48502602282157,1437.147264834043,2261.4298486566604,985.0,287.0,10407592.478250083,3226.082004338593,91.38196283938699,1146.8173168713256,1640.7439777749437,963.0,313.0,5583336.116777386,2362.9119806028903,85.20879359281774,1277.2911337965757,2032.9653771919382,1004.0,293.0,8208644.152283133,2865.080267335264,84.21430547536373,2
457.9718093154214,790.2622503278674,971.0,282.0,2182232.265355778,1477.2390443792665,65.08402156777827,384.362220711399,677.3690524867563,1002.0,254.0,1350576.8570353785,1162.1432395348052,66.86782412267452,195.36245256738005,335.41416172925443,915.0,299.0,358675.94626395014,598.897693131843,61.40751123428439,281.61772645143265,468.6878840644483,919.0,314.0,770738.9469157733,877.9192620030284,65.06074918355225,0
2021.7612875768841,2876.9436754048393,962.0,285.0,41653067.51992978,6453.91878554436,89.31463033676805,1679.2989495559775,2371.3658429889556,962.0,305.0,32343734.499889527,5687.155231152531,91.5313526474456,1257.3561611949526,1779.5207524062148,967.0,301.0,11669672.681584222,3416.0902695961304,106.2739240713912,1194.8475932146298,1627.6316149691952,947.0,307.0,12394752.109975949,3520.618221630912,95.78879570527121,0
1699.1510395885145,2403.195788568341,996.0,297.0,45515746.07595132,6746.535885690029,104.68263272144948,1710.9380373850481,2535.2514140301973,996.0,287.0,63901138.23283702,7993.818753107606,85.46632162296386,663.8031901727387,1077.5530305973268,951.0,296.0,9516195.437993862,3084.833175674243,67.8920462395894,2094.0346643493685,3831.1129961221204,927.0,326.0,108168993.79824418,10400.43239683576,70.37286848094855,1
1643.292235938149,2548.6483179535585,963.0,304.0,31526642.48138813,5614.862172944555,69.83713669151365,1019.2421157315504,1457.212940644441,922.0,320.0,8468419.540192856,2910.0550097414753,79.32115841141011,934.5743077178769,1435.294054131716,931.0,314.0,10468473.366442988,3235.509059678487,71.28113303283081,832.8452141011327,1323.1474943765284,951.0,319.0,7175272.5631731525,2678.6823996302014,72.72248631870613,2
16867.239577602562,39694.514112657496,995.0,268.0,27607340865.860714,166154.5692078817,59.28298721382732,10367.783593781849,23505.48914644065,1029.0,254.0,14812236224.6742,121705.5307898004,65.30642153918029,17048.564554420267,41319.477965156155,954.0,286.0,29401021458.291523,171467.26060635195,64.00050056616894,13433.031945226434,26936.301255692357,1003.0,284.0,21953282363.33901,148166.40092591522,79.10013589649589,0
1246.0905680115259,1945.0858488600256,992.0,279.0,45851901.10527141,6771.403392179686,81.53396873787156,1298.5283799353756,2225.9143835540776,984.0,261.0,66269545.2951181,8140.610888292878,79.02724254329073,569.4498133691154,983.2248967875537,879.0,322.0,12390443.48882899,3520.006370179068,92.79531097375298,974.9481214320645,1811.823200113309,874.0,344.0,26088654.324203245,5107.705392433648,88.29141810411632,1
573.4257429786381,994.0647334830616,990.0,269.0,2682454.532510248,1637.8206499003836,68.89188345794402,486.68799753989606,836.1327881025511,984.0,265.0,1805322.017813656,1343.6228196901643,85.34491401725806,259.5214683038706,435.25467725508537,938.0,293.0,818802.6290851993,904.8776734939598,67.87700957324545,601.0723635821126,941.720154436082,923.0,320.0,3837940.0525584514,1959.066828206707,72.8185792580619,2
1941.3672071629394,3017.467874688747,977.0,290.0,40424718.987735316,6358.0439846340305,83.0744198867272,1753.808584536952,2798.5495897001097,990.0,274.0,40243314.20536066,6343.761881758867,87.90957509838654,1133.1251985359893,1740.8552499968325,970.0,295.0,12412928.468806777,3523.198892953026,94.17909359006288,1227.6281905874769,1990.0575517925984,980.0,285.0,19166053.03889593,4377.905781596918,88.55092203322907,0
5501.038644925533,11152.065817179844,944.0,283.0,3171149163.8075447,56312.95733509063,64.0965763084365,4687.629813335441,9994.636918779936,973.0,305.0,2782402269.480847,52748.48121076381,61.65153142300212,2156.7484692939265,3293.1696503034955,861.0,314.0,100470444.42793061,10023.49467173639,103.26376783326496,4173.723139092162,8414.092808464482,890.0,326.0,566995377.6822987,23811.664742566565,67.05556366815367,0
13688.013307093759,33533.53703817763,984.0,285.0,20605046626.893486,143544.5806475985,56.39923414168896,4984.855033875368,9118.882119467171,1008.0,262.0,3008554991.90093,54850.296195304116,79.63697509459409,12557.247088369722,33873.550600121445,948.0,305.0,22937745467.008644,151452.12272496417,58.643518161035935,9033.570861484679,21479.187875944353,959.0,292.0,10126621319.421192,100631.11659253543,60.293847288865514,0
15746.95542495584,31573.295985139466,974.0,257.0,15244603135.333616,123469.06137071006,70.64806972772685,15107.400847280613,30833.65532336382,947.0,321.0,17944795449.71056,133958.18586649033,71.06503253862255,5699.496033439083,11321.718701891268,984.0,261.0,1054969333.7764289,32480.41099727464,68.64249750145007,9145.031463535024,17609.609297699935,978.0,280.0,1612856080.6055906,40160.390771838975,68.44167478060784,1
2622.319524823193,5346.671342370022,969.0,278.0,266857477.79581478,16335.773016299892,59.14535842668342,1480.8122807073637,2239.0878432129216,946.0,302.0,39973172.72454198,6322.4341308598005,95.76260323273152,2408.355534580555,5269.355322767461,921.0,306.0,320173313.1101889,17893.38751171268,59.1640064509359,2195.7630868294195,3623.5266833114224,908.0,289.0,69891363.72667073,8360.365282435225,73.22108578385273,1
689.3835898108445,1020.0600433047907,906.0,318.0,6295382.951509272,2509.060173710931,86.18486472786827,505.5581789412934,780.7651763380169,916.0,312.0,3147570.1130463285,1774.1392611659232,86.40766770013668,429.689176741084,609.610997388373,914.0,317.0,1957736.3818549109,1399.1913320400906,100.11426824476189,458.15947105862017,696.1237622096274,940.0,338.0,2887264.3589912145,1699.1952103787696,70.88940321282807,2
1348.6303834308299,2251.9940413999516,907.0,309.0,37751390.9780768,6144.216430899186,84.8587678493318,889.6655917977299,1304.748562891771,918.0,318.0,8907090.983509682,2984.4754811296175,87.92140438658402,776.8012139331671,1221.7552685801877,867.0,363.0,14141417.815557837,3760.507686027286,83.76545153360067,802.6661804131517,1213.8164830757069,906.0,334.0,9583999.566201305,3095.803567302958,86.06396915094494,1
686.9073375731539,1022.5146533853618,928.0,335.0,5840845.951916843,2416.784407576381,90.3759216227657,607.6983882902688,1044.7003922825995,976.0,315.0,5768042.016087632,2401.67491827524,75.13729897245061,492.7576312108063,785.4969760225747,906.0,313.0,3738459.6532946206,1933.5097349884306,101.7991446785732,466.8450394377016,709.1466063465522,935.0,311.0,2273220.9156071343,1507.720917864827,76.18540640035306,2
441.15545670848667,752.1040878237932,969.0,272.0,2494688.9063599664,1579.4597085305356,71.82581522090267,327.5624991047089,562.3736609393119,968.0,269.0,1101274.1548863992,1049.4170900292881,67.93418581375327,198.96112457943374,319.54567049530095,901.0,324.0,520765.0085230109,721.6406386006033,73.58292378056261,261.7364360639226,417.2449616246308,893.0,336.0,667530.9494694595,817.0263120152728,72.29424881723192,0
5208.1545199146,7019.656534967618,959.0,330.0,263106054.3987441,16220.544849446342,107.12348054989683,5532.744566301982,7179.459551225772,955.0,328.0,300681537.78773415,17340.173949213407,108.43804275548392,3721.6854692855404,5234.653447457669,984.0,325.0,159576133.32587656,12632.345799857694,116.86205022370828,4097.012649940364,5542.529944360086,968.0,318.0,186316216.51554874,13649.771640471037,100.55192939199205,1
1629.5363668716316,2593.5125575495244,1001.0,291.0,19482040.338923585,4413.84709653006,94.49258143045645,1092.9634395391756,1736.1949326021017,990.0,309.0,9890303.0225877,3144.8858690690345,94.30416007140073,900.4807151326062,1277.750786574476,972.0,321.0,5553906.95286582,2356.67288721003,94.82097079471771,1955.5547908153394,3625.379562274488,1024.0,267.0,170715839.5644263,13065.82717869665,77.42613095997471,0
1853.508147210625,3243.4716228079888,943.0,326.0,80575856.90597959,8976.405702436678,71.74333776696376,1251.507296844137,2314.5031650450524,932.0,323.0,39191932.45362172,6260.3461024197,63.166885828182046,1186.132970320419,2069.5036088943157,905.0,334.0,40944047.92802935,6398.753649080034,79.92119137562652,3090.1461909658674,6677.286624021002,929.0,320.0,492776497.9536819,22198.56974524088,62.331807678134936,2
14326.828785191976,31369.917394613833,1000.0,260.0,20878026980.531525,144492.30777925387,65.48108966988067,1711.5747010101843,3003.8857026319806,997.0,254.0,146026843.9254306,12084.157053448413,81.6927753118452,13861.715954327105,30387.55508209735,956.0,299.0,19709893183.252975,140391.927077319,65.33402929816548,14877.07941058934,34863.695835750266,968.0,278.0,18319570994.28225,135349.81599594586,57.28912816224918,0
899.0295762913822,1334.0331972653419,910.0,321.0,9828866.153824814,3135.1022811205107,84.70093537973383,839.9238542771035,1326.8304405074384,961.0,303.0,8859821.46592735,2976.5452236761816,86.01200583743936,703.0482334842819,1131.1214778092042,934.0,295.0,6530298.720012826,2555.444929111695,88.4830150849601,760.7162579485315,1121.925192874988,928.0,323.0,6878426.797387758,2622.675534737227,84.23634399047185,2
12100.28055770252,25038.137718842856,1013.0,248.0,9617702099.877092,98069.88384280249,62.301788044721775,10549.439898474231,22583.775031065776,996.0,256.0,9176182965.233837,95792.39513795571,64.00387061669625,3345.331099401573,6047.806603422028,1014.0,241.0,253740213.51299834,15929.22593802344,64.89976932259697,6444.835430559478,12598.089427522094,967.0,273.0,1651442299.99969,40637.94893914912,65.9828180145331,0
699.3963471310665,971.6306481573664,923.0,351.0,4137202.8641774864,2034.0119580949322,93.22895705046383,558.9731495968867,795.2739486891325,959.0,319.0,2064163.6545847831,1436.719785697089,109.15553725280611,423.7198411969414,666.5167990666458,955.0,312.0,1521203.9773764631,1233.3714843974099,72.41849933376912,595.0178251641433,854.9866716096627,952.0,325.0,2668085.3155899416,1633.4274752867782,96.40970950246603,1
1634.0259526346235,2667.561147854967,981.0,294.0,28191489.007456206,5309.566629600025,82.7039175925956,1229.2349626704017,2095.3926406239816,972.0,306.0,22086377.41543614,4699.6151155722355,83.24660359535326,1002.349379930218,1446.4400467882895,928.0,326.0,7319159.468355075,2705.3994759439643,86.8505720627085,1557.3208075522841,2506.1423966908806,962.0,298.0,23922167.950376447,4891.029418027349,93.84162622265524,2
9094.968704495095,20207.31918345092,1023.0,239.0,7145763580.74024,84532.61859841361,57.31099279931594,8511.363442885982,21262.947213444048,981.0,291.0,11785755804.079685,108562.22091478694,59.827111671269655,4627.366195886358,8720.254547127557,994.0,249.0,852504327.3791292,29197.67688277746,72.76334627877158,9185.05193502852,19407.415470169784,1041.0,233.0,2481442314.308495,49814.08574003152,67.32692964743353,0
545.6263083177073,763.4775267964841,886.0,353.0,2780460.169125871,1667.471191508001,79.00719335645987,487.7113519379289,730.9451054491989,923.0,334.0,2704061.7597490204,1644.4035279920045,79.22383798840984,306.25742971148117,475.9205209398249,908.0,310.0,947407.651182032,973.3491299089546,83.5199898905913,488.80423462336574,763.2007757054306,933.0,318.0,2768697.270861598,1663.9405258678012,77.8538753948518,1
1329.6174664172165,1913.9450829296718,923.0,325.0,33335830.15464797,5773.719299690178,87.62372731860039,1239.3619333377399,1874.8386998736003,919.0,325.0,41803353.14083732,6465.551453931713,83.97753404938214,668.9678026032892,1054.715565406469,913.0,303.0,8911147.797751121,2985.1546186785213,76.44037482265979,1700.4533884754624,3072.87670057615,918.0,305.0,60881047.79132968,7802.631080274965,74.22481731355052,1
1312.6817954343428,2040.5353723400867,946.0,306.0,14272394.473487228,3777.9268483260284,80.63082320290482,1102.6075912419271,1745.8821812057897,948.0,296.0,14258094.691782491,3776.0002210424764,85.73339231816918,943.4806599820204,1477.0867011927523,934.0,313.0,8696154.779254168,2948.9386627365902,79.52702155830696,960.0275930075127,1552.1883360397494,920.0,327.0,9617486.154111987,3101.218938769558,82.67673517239808,2
2121.4614397839414,3349.2927214294923,998.0,283.0,35104655.30128135,5924.919856278595,88.55516189319133,1379.1066012965564,2162.422489778495,1002.0,285.0,11967360.334966063,3459.3875071505,89.99376326329651,1289.9937632236179,2032.6350488936203,984.0,287.0,12515756.595282335,3537.7630613169895,84.63170456823804,1234.8693380662833,2053.6884611853257,1005.0,268.0,11727650.688391456,3424.5699510546583,82.33728935008519,2
1687.706558281327,2681.180210517132,982.0,268.0,27572132.06483963,5250.918277402899,89.82159663483219,1283.632795321305,2098.782395023768,1005.0,273.0,20240266.87361745,4498.918809057498,86.87396633389135,1005.4217840759593,1601.4905578860235,988.0,277.0,8874272.686662259,2978.972061838533,91.22261081375339,1935.0387909996616,2993.238481260201,1027.0,269.0,53483240.75430185,7313.2238548309515,97.08261707357012,0
970.9949872691984,1381.2878899678615,946.0,293.0,14635361.337147202,3825.624259996615,88.58690045703035,873.66729525153,1255.034517571941,960.0,299.0,10714742.210276956,3273.3412609460456,89.06486675517314,598.3060421543948,831.4130688717709,908.0,317.0,3268498.9338532034,1807.8997382019502,86.03308630666548,905.4603706748268,1371.326242797076,940.0,285.0,12800729.736023096,3577.813461805669,81.62188889767211,0
1134.8814024885153,1648.5420286928131,953.0,301.0,16659882.326937942,4081.6519698539255,106.33995577342655,1142.1537008444388,1672.2381064364633,937.0,293.0,21896034.7104139,4679.319948965994,106.03710198080137,545.7381380277543,868.5679482559417,929.0,301.0,5134526.073342314,2265.9492664029744,103.66130216428577,885.8915876387863,1551.2376515367657,885.0,332.0,19420675.30013223,4406.889654413014,57.84014340234881,1
1234.3715158948633,1885.767873631643,933.0,316.0,20629400.76674772,4541.960237694662,93.63099108687364,1128.3151246406433,1748.9988999286747,932.0,322.0,17160685.248556055,4142.545764181395,95.09036633708808,696.0769820276282,1090.3996461096642,899.0,316.0,6087644.389916761,2467.3153935446303,94.08673466087124,839.073037445105,1379.3551396517003,912.0,345.0,9607361.302381212,3099.5743772720407,95.29667359107401,0
7595.306302193208,16810.543867410554,966.0,270.0,4521412661.311229,67241.45416824377,59.985561104040755,6261.912868916094,13975.784755514735,934.0,303.0,4045643304.8505964,63605.371706862,60.086471891219574,2926.8037295903423,5813.514004366391,926.0,271.0,296191833.6384392,17210.242321683705,90.03779401233294,5299.073744359846,11691.839680682702,982.0,286.0,852550282.350541,29198.590324127123,66.13795145211608,1
1864.5994233206293,2813.9674086804494,971.0,299.0,80768955.30163129,8987.155018735248,87.89776371782077,2287.30725951745,3642.2123598153257,978.0,317.0,152479244.6703711,12348.248655980078,102.22191539198168,1765.1896041346315,2969.3030222772895,937.0,311.0,99358650.37652282,9967.880956546413,86.9469627836761,1874.930910150927,3255.452265695331,924.0,329.0,115811613.15545744,10761.580421007171,94.86106502172382,1
666.7115957363793,933.2307776868574,927.0,331.0,3049163.517532022,1746.1860727887715,99.3391224728769,572.3723768286757,898.1297083149822,963.0,287.0,3016653.976231113,1736.8517566992975,87.54964128750953,483.0370085610121,746.8880530803,963.0,282.0,1694085.105341452,1301.5707344283194,90.09621434586401,613.1982690668366,901.8220850050836,966.0,286.0,2736321.573755833,1654.1832695687908,97.22008543448207,1
1967.9199908826274,3286.393833122494,969.0,288.0,69656356.42892523,8346.038510231418,75.82813807589304,1256.6866789097996,1977.9582401695993,954.0,299.0,19467320.489183214,4412.178762189555,76.98133501835906,955.4888971606434,1549.8206779106108,911.0,314.0,19872687.802312784,4457.879310140212,76.11167404028531,1193.071762806068,1892.8095089518458,951.0,300.0,15711838.622483505,3963.816169474262,78.08347838774945,1
1124.6044338081197,1853.2486413364595,965.0,285.0,14092798.436243635,3754.040413695253,59.632523888367395,727.0712350245673,1193.531247740427,1002.0,265.0,3736463.229695816,1932.9951543393909,82.04413214893081,765.1564004520895,1286.9160927257415,910.0,334.0,11202396.511414232,3346.9987869350853,59.07979500244902,1455.2914938879478,2819.4848011435975,941.0,276.0,63114111.99493907,7944.439851110557,66.90238080964856,2
808.852725093457,1085.7326070227737,924.0,311.0,4626293.700889643,2150.8820854869327,102.95944817603458,397.36568252642064,588.5609113913304,940.0,294.0,1213529.4576015836,1101.6031431025792,94.97278525401364,591.9492629991812,817.3234554020023,940.0,327.0,2586133.0433885357,1608.1458404500627,99.87581204364021,402.0500001362137,567.3091731864254,912.0,295.0,1011304.5969196308,1005.63641410092,97.76021321351425,2
2388.1452202279047,3682.090482742634,1023.0,281.0,55509407.97114398,7450.465851418685,93.45295657837698,2303.300247831787,3626.999427338535,1009.0,301.0,100255970.36831833,10012.790696639197,87.68158806746412,1700.8159526147308,2619.3300375569406,999.0,288.0,62342877.61355072,7895.7512313129255,78.34275054981278,1849.5894088307705,3009.5282130825026,961.0,303.0,84626667.00038694,9199.27600011149,78.80771470902172,1
1133.2095706735363,1804.6602761801291,978.0,285.0,9638489.271726342,3104.5930079298378,83.39266117032928,704.6280328109872,1059.1508171036016,966.0,295.0,3202685.120619919,1789.6047506168122,88.11710658663382,622.7666576368729,961.9739193957495,964.0,310.0,2742814.719221113,1656.1477914983172,79.20812784464508,929.9729425074416,1611.130482223786,971.0,280.0,16019977.249208456,4002.4964086305044,76.91254777151899,2
6943.624099899219,12266.04373395283,986.0,292.0,1290747081.9200785,35926.96911358475,67.94577238886227,6342.730621516291,11238.4889051012,956.0,312.0,1190654474.6176488,34505.86160310417,68.8708005982079,1523.3648618104548,2383.902501989942,933.0,313.0,42155511.09011175,6492.727930303565,70.19949073028688,1989.5539397101572,3283.526580680744,978.0,308.0,67763982.10194646,8231.888864498129,71.52040499828237,1
2349.060763279365,4165.288674896768,970.0,299.0,284270610.0350709,16860.326570845267,84.84775983095734,2236.7374020824063,4142.493014619534,950.0,316.0,308587559.702536,17566.66046216591,80.97678774570197,769.806307068188,1195.0327045437768,945.0,303.0,8081512.355984892,2842.800350854659,92.0062067513147,1570.7942593087016,3073.1369135020805,927.0,331.0,134484614.60087985,11596.75018858535,72.3408572760057,0
1761.5039351871897,3047.0435495952825,944.0,312.0,62716698.07484535,7919.387508109363,66.10239476813291,1356.5141201643532,2039.8369214145255,976.0,318.0,28041502.9373075,5295.4229598098345,91.68159297742254,1326.8660994377396,2494.5621108275695,962.0,315.0,53129836.490079686,7289.021657221725,59.19626363588738,2424.4065285047795,5317.843209253338,943.0,296.0,315234879.68766266,17754.85541237913,57.783403449752434,1
2238.8616805143715,3237.6628711871476,981.0,288.0,63329654.29615099,7957.99346796634,77.49619545086428,2431.551798051875,3646.812254303948,973.0,285.0,99773808.07414675,9988.68417760707,84.50732871471365,1761.5743657231208,2434.4256091437874,976.0,298.0,46334998.62634743,6806.98163906963,105.02480107094178,2211.0657535854343,3429.3119949640195,950.0,298.0,104296277.5018689,10212.554917195299,87.03412346337315,1
1605.965813853605,2487.7294296945133,976.0,292.0,22133429.40864884,4704.6184923405135,91.18526484636634,1602.4327470037454,2574.3503520666977,931.0,308.0,41841984.48159984,6468.538374579315,109.12028792040482,1461.7831444711983,2338.7440618752703,956.0,305.0,26881704.84818568,5184.756980027968,91.22665512071877,1335.4636134644918,2199.6275152452517,939.0,303.0,27338238.427662276,5228.598265625225,86.4239660910166,2
1487.420755873208,2517.1213881397734,955.0,310.0,38991584.95679375,6244.32502847592,68.25499708942259,1171.0694481086855,1790.3220049387517,940.0,309.0,18963369.225092284,4354.695209409322,76.180502564208,905.575593704292,1648.9069191058802,961.0,302.0,16221649.250936704,4027.611390110537,59.64954611044281,2996.485770930762,5679.046356413601,953.0,295.0,247364409.14009982,15727.823235157946,60.44800889313886,1
1967.3313051252617,3125.717205798582,1010.0,271.0,32760080.11130807,5723.642262869799,86.14732591781176,1744.176444897644,2687.3869941677685,991.0,284.0,43595635.4804347,6602.69913112921,96.81526075374052,1269.7956657025952,1895.1458813876122,999.0,289.0,15517793.760744601,3939.2631001358986,109.97369607274217,1158.2113216056175,1838.0475009442766,986.0,293.0,16380273.19857512,4047.2551098221006,90.42003612892194,1
1778.943782302962,2711.322500571566,996.0,302.0,17395373.603862178,4170.7764167349715,84.22829682078054,1335.1406975495897,2151.3245840944064,1008.0,276.0,10182337.663449645,3190.978291559868,88.46105661382914,1176.4020094997595,1789.7367123861045,998.0,308.0,8148438.684917173,2854.547113731638,88.38421342404402,1195.1605425918065,1941.8106270506166,1013.0,281.0,8350267.012176364,2889.6908351100087,68.3038534888651,2
1536.8110774851325,2105.844615025559,933.0,317.0,12199701.118983725,3492.8087277183813,90.69316815015576,1183.4157711193116,1628.1397738557694,943.0,320.0,6793391.987479568,2606.4155825907014,96.70954640715271,933.5069357126946,1211.1384309343384,920.0,334.0,4409453.925364649,2099.8700067113546,113.7798987313038,1019.6957521264794,1379.1745056258574,925.0,322.0,4669296.045534194,2160.856931132507,97.22953263477172,0
5733.182513682522,12009.924302699987,1002.0,244.0,1281580761.66245,35799.17267758616,61.27921945578464,4146.464380170983,8457.058213720904,937.0,300.0,1147816607.6116662,33879.44227036219,63.30754662489594,2937.421291726773,5748.623935236562,1028.0,246.0,167054492.44499812,12924.956198975098,68.66696213697512,4743.017929069733,9434.200418011998,978.0,269.0,779220434.6671873,27914.521970242644,68.31727792751994,1
577.076869691641,953.6939288695536,983.0,264.0,2708980.0460791285,1645.9081124800805,77.29276402576343,498.25936068372454,808.3736615587877,1001.0,285.0,1994259.2255902253,1412.2036879214324,85.28181413367908,235.3689774007093,388.0065079942324,898.0,293.0,615326.464573925,784.4301706664926,61.28520806603453,419.1719871021341,656.303396569844,934.0,297.0,1411563.8635894465,1188.0929344398974,77.70034082455938,2
1841.8101926170996,2780.7631243735727,995.0,303.0,20494335.442259718,4527.069330872787,85.17242343117864,1625.4563052712756,2564.3160247014516,1007.0,285.0,18926452.41173583,4350.455064914373,85.27949931652508,1132.4183316853569,1746.674904322507,977.0,300.0,7522171.84641527,2742.6585707254176,80.57494895303847,1294.3290690056103,2186.3850096562865,998.0,286.0,15151162.003372587,3892.4496282316645,65.8887028252201,0
2306.324032991536,3629.478810853755,961.0,306.0,87252298.22366871,9340.894770785997,88.92027348788285,1399.8021749301345,2061.7833698863615,939.0,326.0,20456937.494062986,4522.9360350494435,90.73280123268208,1255.1941405367813,1984.5023382415434,954.0,310.0,31539241.42661343,5615.980924488532,91.46561096973022,1210.2773307444602,1861.740689388855,961.0,306.0,17130139.410283934,4138.857658781886,94.46476815166099,2
2286.201973818929,4453.57344607759,958.0,282.0,219694011.68056914,14822.078608409567,61.26506217590367,861.5965244159129,1619.8604035682774,992.0,290.0,22396328.598400638,4732.476057983737,61.841032894860476,1930.968546142387,3782.670686011164,933.0,316.0,161800401.80072188,12720.078693808535,62.96644071482609,2100.8495621988045,4108.85324921381,979.0,279.0,108821165.63944913,10431.743742865145,59.687800209811385,2
1878.6813396212067,2858.8732660507326,957.0,303.0,32993517.41515155,5743.9986121644315,96.74101824681641,1591.380159749628,2486.8322247472183,991.0,276.0,28795212.440992508,5366.117073018876,96.70569236877719,1070.1754271010977,1659.2467095162506,971.0,304.0,10831625.237503415,3291.1438003857825,97.88530985111395,1179.0319202748558,1921.2562451064687,979.0,300.0,15495681.558553113,3936.45547810555,90.3625193217373,0
1200.5572190286302,1757.919007015239,995.0,290.0,16405166.73565861,4050.329213306536,96.2402840370928,1209.5994451329366,1834.7473121069027,959.0,292.0,22860890.20479568,4781.306329431013,95.0690541149468,496.44413816027094,769.1475371129812,936.0,318.0,3438271.4567242865,1854.257660701017,86.4329214437923,1083.3399545243456,1799.9240521791494,939.0,310.0,27939221.353739277,5285.756500227768,83.37793938387767,1
4836.3420306982125,9460.166826234543,971.0,293.0,562486728.6607523,23716.816490091576,65.04281770218957,3381.156332690487,6560.625140334384,943.0,301.0,414763599.33038443,20365.75021723756,64.6490433910122,2824.512804128275,5151.529737276171,921.0,315.0,164672212.26479018,12832.47293481341,76.73410547827892,4810.134508480746,9201.555337157954,969.0,279.0,452824585.59393203,21279.852834010937,58.343663664727735,2
1750.6240811714763,3011.795937637724,1030.0,263.0,28232816.28555194,5313.475723736273,80.36064498385643,1506.109338560881,2504.5923696584496,1034.0,277.0,21773505.95561444,4666.2106684912,85.02621564087012,1369.0500263483732,2312.0223476993747,1018.0,269.0,18354407.31726512,4284.217284268483,79.99726587026574,1247.6546177390637,2131.0017879576194,1041.0,268.0,12835894.115847351,3582.7265329500065,80.79646832833704,2
11517.630941016641,23565.109628397844,948.0,299.0,11051746214.382412,105127.28592776791,70.95236547353767,3155.474591894557,5850.278766209486,971.0,293.0,323626971.0605168,17989.63687626102,67.30473166117999,10700.86305294227,22735.923096148064,964.0,295.0,11197721750.533457,105819.28909133033,66.75078532576572,3390.287478165813,5982.282674434358,949.0,293.0,264605314.70722893,16266.694137479026,70.72237806233291,1
916.8086596466475,1290.7257463160838,964.0,322.0,9318993.916557994,3052.7027900898966,131.8338287066992,847.5078354811557,1239.5977137013165,968.0,293.0,9440285.394621065,3072.5048509396984,129.72660243678,517.9085110254102,762.3540798640149,933.0,309.0,2449537.449323698,1565.0998448141186,85.40211785515713,882.4382674060632,1238.3352803440596,965.0,302.0,7652691.298311676,2766.3498158620923,130.73993754528504,0
1070.9488314850569,1666.4970639682356,960.0,317.0,10213789.422024196,3195.902518846572,77.18890569127242,849.9840035168322,1286.4687358506003,957.0,314.0,6648479.198959071,2578.4654325525876,89.81238914294406,661.7934893807432,1049.7835486734023,948.0,289.0,3519667.6660724366,1876.0777450841144,80.09931055061517,1063.2382323628126,1858.577382012402,971.0,296.0,16370656.513594098,4046.0669233421363,71.17129223249997,0
575.7090627559821,903.9280751352511,939.0,295.0,4101577.892752911,2025.2363612256204,78.4341746124955,494.7068969505472,869.9260446043572,941.0,292.0,4004701.554875796,2001.1751509538858,60.29809441937197,426.4320182592816,707.7256568139401,971.0,279.0,2340783.4236373245,1529.962653164021,80.39922257415202,548.2820971432934,893.6204357803618,980.0,298.0,3551658.1840847423,1884.584367350787,61.63300733872924,1
6637.417141568985,15430.169218487792,978.0,295.0,4359374981.838229,66025.56309487476,61.63530343825749,5808.816304937459,13393.390674685106,912.0,335.0,4002988904.8701787,63269.17816015506,60.23432195929141,1942.6057587508444,4286.485678144865,972.0,267.0,185786656.36477783,13630.357920162829,62.21391314505445,3903.8346906953884,8594.040288477367,965.0,270.0,703966525.7625085,26532.367517952833,61.39607925665278,1
1041.3214825616924,1623.5384723914424,965.0,309.0,7464560.930974986,2732.1348673966395,89.81762951644912,603.7843069137265,909.6000391194597,912.0,324.0,2225993.645595067,1491.9766184266755,88.94421065555542,620.984403655652,932.43782189175,951.0,325.0,2193589.787818308,1481.0773779056642,92.88000095975104,575.4695393013981,899.5679927473998,910.0,342.0,3071305.3730231305,1752.5141935881345,89.54595023485648,2
8354.905548323686,18528.46846651044,982.0,270.0,4998002863.073439,70696.55668968815,56.06161517315415,5822.051104931439,12230.607325713025,962.0,311.0,3851295633.657783,62058.81004886842,56.26080878890766,4218.197522767802,8741.851337553531,943.0,259.0,1273333632.3033218,35683.80069916194,59.31223571182354,5088.919763180782,9388.418952314489,943.0,287.0,691320950.1436435,26292.98301300742,74.9221264852584,0
12031.012175526717,26551.007801254007,957.0,298.0,10493938839.215656,102439.92846084737,70.98444015677318,12506.874547012922,27931.501381609865,952.0,313.0,12939512325.399914,113751.97723763631,72.64497014057677,4445.796698112954,9225.86907442574,957.0,305.0,1136509301.8842406,33712.15528080474,70.04470269196673,5632.2077179084745,10540.312652579136,983.0,262.0,725953276.9328821,26943.523269091675,82.4002004851649,1
1779.214549406001,2735.174305472059,980.0,271.0,23323720.444074064,4829.465263003333,84.80196548825188,1647.1640709553685,2552.605629960587,1015.0,285.0,19061717.025238335,4365.9747577079315,88.5084875346245,947.2538371463363,1441.1968575188816,991.0,303.0,6519232.782970924,2553.27888233517,94.92134900989817,1173.8704037736443,1947.9604836714461,1035.0,264.0,11509912.660824593,3392.626218912486,77.97436424690076,0
3215.4573325451292,6318.977599574374,1018.0,270.0,457098314.89338547,21379.857724607074,62.24290325895023,3124.3312831195003,6043.531742130561,1018.0,253.0,424879819.8485118,20612.613127636705,65.50732071977357,1249.330533626494,1968.0050046849742,1017.0,285.0,12107576.37770864,3479.594404847925,85.16238326295341,1972.7429059690637,3489.552193696697,1028.0,282.0,96508346.02772675,9823.866593812932,72.51592960735186,0
2756.1797361554077,4481.270184464643,960.0,305.0,130425960.79348923,11420.41897390196,76.9686958244211,1661.9491400439017,2558.313310485481,936.0,317.0,39147193.83019489,6256.772083772067,78.01445065875448,1437.1390024910697,2279.1856376335263,931.0,320.0,41483956.94770465,6440.804168688988,79.70092953423877,1564.3035977277852,2358.8506693935346,962.0,310.0,32878082.43924698,5733.942377357634,80.01934931498629,1
587.900098901838,771.4635041364565,879.0,365.0,2760733.3964334526,1661.545502537947,93.84200395019357,602.4952817996956,910.1808075214655,926.0,299.0,3321284.4195453846,1822.4392022483833,80.13278691591981,404.2434703711119,665.7897324020254,970.0,283.0,1416018.3411825094,1189.9657291351182,88.26231088721138,719.4345627631535,1092.511915013984,969.0,288.0,4269617.009386146,2066.407145011639,80.0518897676732,1
786.6833110133323,1152.9698844085708,941.0,294.0,4339863.52790708,2083.234515984065,99.51440228309175,611.0767402899683,1022.2770249371866,971.0,280.0,4096334.7276961543,2023.940582992153,101.17776416969633,602.4035564821761,991.87141106416,964.0,296.0,3197872.1753695733,1788.259651669123,81.48753451708403,528.7999679607334,842.6917384341818,965.0,281.0,2365367.0202120435,1537.9756130242654,98.82584188892294,2
4023.0079973794354,9212.844832744348,1024.0,285.0,980752844.2115091,31316.974088839674,63.54060999233052,1042.128722754625,1692.993358613895,1022.0,274.0,8069012.891359656,2840.6035298597812,82.94409075988546,3655.0124341714577,8613.090649863954,980.0,273.0,974042876.1620576,31209.65998565051,64.55231641405544,6559.704267537236,15562.757697982057,998.0,260.0,3627324208.7481103,60227.27340633024,58.670607595724384,0
2419.6711271115023,3621.7092774112643,976.0,277.0,59505133.9248554,7713.958859675641,95.9489020457097,2665.6609192903584,4067.899128853411,970.0,285.0,111897445.94907475,10578.15917933432,95.72961088044899,1730.7487535408582,2544.13309768723,943.0,303.0,46208508.57487288,6797.684618163442,94.77257199042081,1712.5875975552085,2618.3596123294765,938.0,310.0,49819346.14154477,7058.282255104158,86.9350584761749,1
604.8407337106592,927.4616697779559,907.0,364.0,5496933.053346602,2344.554023065905,65.39005113977427,596.0516728658974,987.4117501244122,950.0,305.0,5483249.190650195,2341.634199918736,64.43655272483348,367.47765960344594,564.5144741165718,966.0,304.0,1039453.7222425282,1019.5362889438716,79.65617088927776,618.2554695500681,947.3310751822223,930.0,314.0,3995671.4314742326,1998.920358868088,89.59052656448429,1
9849.731270161446,22019.95520915931,997.0,258.0,6509152795.561052,80679.32076425396,61.31941059466035,7733.719373901156,17831.114717862674,958.0,287.0,6180293515.478244,78614.84284539227,61.49359961317062,3455.119142884859,6365.772299350929,985.0,262.0,321149004.69787943,17920.630835790354,77.29823586274634,6107.740164077126,11455.13374149218,968.0,284.0,671134882.7576834,25906.27179303349,76.63852764268516,1
226.34170801175975,302.0525398573123,867.0,347.0,259438.6153466016,509.35444989910985,116.33750668208108,246.9842940890482,317.4939159303271,865.0,327.0,259975.11321620108,509.8788318004197,89.64753869658983,136.89465710170063,174.75110218270873,852.0,372.0,71458.96108405908,267.318999676937,89.7349397001355,132.93598788111376,171.24436716664042,839.0,363.0,83039.00424264027,288.16575086857165,114.56620325780435,0
1564.40127212673,2646.361688187691,1024.0,275.0,21282842.485167507,4613.569406546125,78.70248818232609,1229.912221912745,2109.8732336531,1036.0,274.0,13594990.618737027,3687.203434941115,75.11504051615732,837.1842435532105,1421.6976365039602,980.0,253.0,6476118.618394577,2544.944294480736,92.6224435994192,991.634229923832,1676.1521820147268,1027.0,254.0,7355128.2284538355,2712.0471933851722,72.77601971010516,2
19210.25151895919,39575.30403707468,942.0,295.0,23720347339.188274,154014.11422800826,65.02935389829014,16544.526985887034,33194.95794641732,902.0,319.0,23442690716.115707,153110.06079326043,75.0736143551921,7730.247491111902,15991.898989589828,924.0,290.0,3112515690.725575,55789.92501358786,63.577476064183614,10850.045698712276,20562.288448698408,955.0,292.0,4465239017.538744,66822.44397623777,72.94621894233855,0
5543.278961920894,12171.749594597963,952.0,280.0,1594339894.614817,39929.18620121242,61.31897383046939,3705.576559169387,8040.078006427006,930.0,311.0,946678327.9583235,30768.138201729525,61.24253204194489,2706.7385976365417,5776.514477185676,986.0,257.0,376909643.8733822,19414.16146320354,65.17619269942738,3507.0207294069196,7103.004261539884,963.0,254.0,523091498.0893366,22871.193664701317,63.613333542275264,2
597.7902451232474,1062.3599376553623,986.0,267.0,4333713.867044661,2081.7574023917664,66.89822046100467,513.6517147951862,900.8944330653019,1016.0,261.0,2627875.4211794646,1621.0723067740823,67.678523551696,291.4190995670598,509.7681043393629,941.0,305.0,1419415.4564071172,1191.3922690184813,66.47160877388156,793.4384271088891,1525.7325024145584,934.0,323.0,19228797.115462,4385.065563093729,61.770269148048776,0
614.6104335164231,1025.7901408275798,891.0,346.0,8193019.430083121,2862.3451415111404,100.24064518659665,499.1805732995521,842.2309381829184,876.0,338.0,6039002.110773318,2457.4392349830623,92.41128770432624,338.58341675193674,564.0370038879954,878.0,345.0,1890556.6039980708,1374.9763441450245,101.3462701520561,424.24059714780594,698.0980603490724,942.0,297.0,2279609.2147315517,1509.8378602417838,75.81036970525211,1
995.6013877162067,1622.7003653417462,924.0,315.0,11356102.337069634,3369.881919621106,79.18042326764346,774.7076119887815,1172.5614116071777,928.0,325.0,4979631.882554048,2231.509254860242,98.46613418228822,488.4131522199971,755.8332614040208,875.0,347.0,2382112.0900002266,1543.4092426079337,78.18786464247924,688.3491859513019,1106.9520827851372,911.0,326.0,6132316.717712047,2476.3515107354583,91.53938326264154,2
1328.1576939081303,1906.718728037862,976.0,301.0,13357324.672099007,3654.767389806001,94.12750571745586,1014.7670887022097,1512.2751193004192,959.0,309.0,9288187.675207615,3047.652822216611,97.99786858550928,782.59651799554,1217.441391720608,914.0,329.0,7709902.764277614,2776.67117772211,85.28818684859401,805.6202575445516,1290.0179389341838,974.0,265.0,5921912.855017877,2433.4985960240842,92.5769957846646,2
2023.143812786656,3202.6538004570293,1006.0,291.0,32579537.05804874,5707.848772043005,88.54882744711455,1898.8324469319757,3007.1231767034355,1002.0,285.0,27232250.66052427,5218.4530506842375,86.15336642349946,999.754646952342,1540.2667966084714,978.0,297.0,6114720.349707704,2472.796096394849,84.41551962938891,1285.9763835812623,2131.641142158497,1006.0,282.0,13197426.694626262,3632.8262993947787,83.11577698648696,0
919.9542003189054,1350.3936493571885,948.0,308.0,9536248.894450814,3088.0817584621113,89.90087792015726,947.4971142301827,1444.722459357175,976.0,290.0,13986149.77775274,3739.80611598921,90.0098528816384,682.8696349517728,984.1612359342002,944.0,301.0,5295237.063317956,2301.1382195878723,105.18660653331538,699.9886704899441,1005.4931730219489,955.0,274.0,4718439.917573688,2172.1970303874605,107.54661898032585,0
1098.9593452509969,1868.36626770918,1013.0,279.0,13009155.163693152,3606.8291354785642,73.58367435393532,921.2181784488944,1590.5923714494636,1021.0,270.0,8268630.007506811,2875.5343205137397,73.94568355903972,452.93260215188525,724.602478476774,943.0,296.0,2657432.4114352115,1630.163361485312,78.57555343469137,1895.4187350648888,3448.2882159130672,901.0,334.0,170035333.77228162,13039.763111792525,61.573748972565475,2
491.4489901840118,804.4119273681852,1010.0,284.0,2222772.6766544334,1490.8966490431399,80.53321780740437,390.43585271810014,677.6544181364524,1005.0,268.0,1298150.207720772,1139.3640168520915,74.48912531385757,246.85134174527656,386.4425230869726,900.0,323.0,1012641.9622943188,1006.3011433731718,74.82160246522763,311.79230841467114,504.10396084134265,919.0,310.0,834804.4360907055,913.6764278691255,71.22465971142478,0
940.5776408259737,1433.9988867348525,924.0,310.0,8114632.840579212,2848.6201140799276,88.18028705214014,631.9435770585424,917.249030355999,894.0,326.0,2655101.881109989,1629.4486275280321,77.14596508716564,648.9652734555046,956.1422353198782,900.0,335.0,5076450.4423508225,2253.0981942326302,89.21025506466317,680.0147318255797,1145.787795058254,922.0,328.0,9711788.469099808,3116.37425048926,75.16724504833192,2
9487.546743817038,21057.75663641595,1001.0,277.0,11709064612.950167,108208.4313920558,69.69261618667252,9154.593344072844,20528.467165125003,977.0,274.0,11871432923.436426,108956.10549491836,69.66966126240693,1326.3018741843377,1984.3261076479855,959.0,307.0,15934341.629054442,3991.784911890405,86.70264309557012,2583.071608087243,4601.9569079529565,1002.0,280.0,155753290.98986349,12480.118026288046,79.40773190053648,2
9777.286639856686,22559.310898890784,980.0,307.0,17036973022.222595,130525.75616773061,64.6384574330078,9351.80675498404,21963.53741610582,980.0,292.0,16973227398.818445,130281.33941151894,64.58847150514919,1450.2301482441467,2056.1558023460375,958.0,339.0,27671357.05096736,5260.357165786766,124.5306956951971,2397.2930698642795,3803.244176087731,996.0,290.0,112395947.05493547,10601.695481816103,78.60052195192681,2
1580.3001254483625,2698.6997640355326,946.0,301.0,33798565.61994441,5813.6577111728575,91.12908329599414,1183.4835694152991,1918.754038589576,907.0,337.0,15195633.608096182,3898.1621442646338,89.16896810914926,1016.9337620798148,1688.764200672673,936.0,327.0,12706863.881302338,3564.6690889870156,95.34534678929168,1488.0908392381107,2328.9727466239483,937.0,306.0,23628896.940141145,4860.957013964826,93.98510425042501,2
2925.2311087389917,5430.834995600082,936.0,344.0,366811456.3890749,19152.32252226013,59.368602536360754,1828.4939099752546,2558.931524744187,944.0,342.0,35488333.23970247,5957.208813565471,89.77347758624889,2069.6011508755623,4445.942738716422,939.0,298.0,284841051.77211726,16877.235002324287,57.81470296785425,4730.8240134315265,10134.359400252666,986.0,282.0,1871795093.0701556,43264.24984294121,63.4975328606225,1
5092.61719092587,9961.995773502802,966.0,276.0,1086775078.9842935,32966.27220131324,65.36396829911116,4193.925837270636,8763.85809619008,962.0,284.0,998540376.4989359,31599.689892045462,62.69143337689533,1860.9480405402244,3138.712237488815,942.0,276.0,153619244.5862435,12394.323085162048,104.46379754877671,5105.696072873139,10278.273931426414,992.0,265.0,986008521.920551,31400.772825013686,73.43901198360108,2
3098.7709705444627,6458.120972042969,984.0,282.0,388630027.5252583,19713.701667333255,63.58238065446922,1120.3330921058302,1839.3960532482022,1014.0,265.0,8230076.941538334,2868.8120537272675,78.54337482032173,2521.493089580152,5493.125623388406,956.0,298.0,371875493.6936191,19284.073576338957,63.3573822995101,3071.041880122741,5895.055974091368,985.0,271.0,268703417.8892159,16392.175517757863,61.713159318568145,2
2172.0560613596845,3459.9640243509584,962.0,292.0,79593933.53786425,8921.543240047678,73.35157971620852,2269.628441844427,3652.34094288252,974.0,302.0,120598984.36734413,10981.757000681668,91.97694781784212,1784.8078713712096,2774.305366721168,933.0,301.0,54754200.68638117,7399.608234526897,94.65953287554561,1986.7803462342965,3247.6661462029515,947.0,315.0,88191814.47240242,9391.049700430576,92.13123762395472,1
24747.948885236936,48280.9246757091,1035.0,276.0,82410246925.016,287071.84976557374,75.45563937563848,24275.24437107577,48204.115140571084,1054.0,252.0,81713681482.09668,285856.05041484756,82.99226975074902,5570.851971090891,10561.807827577513,1032.0,260.0,2443945713.443272,49436.279840528245,94.48026017690445,6219.441386097128,13103.612853273478,1026.0,272.0,3697966837.65598,60810.910895026085,73.35615313271258,0
862.8406495764805,1389.9278349281142,999.0,273.0,6190107.876994094,2487.992908645752,83.71858159373221,656.5015948658383,1077.7469220429543,982.0,275.0,4009438.873977052,2002.3583280719945,84.09039615867161,361.94937970101125,542.1882299145946,943.0,315.0,875589.1888603139,935.7297038670287,95.60974537235606,605.8948985018391,996.3142436779823,956.0,293.0,3779125.5817278167,1943.9973407755024,82.75544669142607,0
1435.0218576713664,2197.405858741565,1005.0,275.0,16070784.692838881,4008.842643490709,92.73533893424816,1258.1224242234073,1957.2527970718804,1006.0,279.0,12692298.069480203,3562.6254072911606,86.15540945629634,868.5284144631789,1297.417533338319,929.0,323.0,5829084.136277583,2414.353871445189,84.25664811491231,1133.5060065434388,1800.7006342870593,1020.0,284.0,10938466.316464936,3307.335297226781,84.52083193953278,0
1553.373874374038,2347.8999510566864,977.0,292.0,15538186.722446814,3941.8554095823006,93.89910526046091,1113.2177980753736,1719.090861506937,972.0,298.0,7751737.613923258,2784.1971498462303,85.19314799637928,991.0422755092965,1425.3700049244655,957.0,310.0,5800284.413013357,2408.3788261843742,99.80532133212832,989.873618273772,1461.2153804671063,981.0,305.0,5914220.879057345,2431.9194671319988,93.79182359483083,1
13772.884859591055,28589.173406570233,964.0,292.0,9847397522.178505,99234.0606454672,66.79626536669826,13071.16348779577,28832.899204903948,956.0,296.0,11285396748.08143,106232.74957161197,65.60578675883085,5464.394932778474,9947.02894382777,941.0,275.0,512001636.3771514,22627.5161254718,67.87282656312766,9458.641755893681,18264.829703273,962.0,293.0,3586422235.8682213,59886.74643297922,70.23147193833546,2
6512.811851215296,15388.209832601811,947.0,293.0,3877570118.157373,62270.1382782305,56.583607753251066,2217.2572415431014,4399.406483897968,989.0,268.0,422941238.2750402,20565.535285396018,66.37499185123531,5742.2269524798085,13190.342712881136,939.0,309.0,2687298998.870488,51839.164720088644,54.40536243333669,4373.333903687241,9723.73246874407,955.0,287.0,1866412906.2466583,43202.00118410655,54.68484568730605,0
10134.951744932638,21144.473304081857,977.0,275.0,6966226889.414026,83463.92567724118,63.54590619615857,9566.290130751324,20402.380780856118,959.0,297.0,6729080142.540512,82030.97066305828,63.13941531707988,1793.3826333923334,2593.723852949056,954.0,300.0,38308116.053536244,6189.355403790402,99.66922313766358,2516.3402810048187,4311.837757714339,955.0,301.0,109947810.83765426,10485.600408195754,87.26075532605817,1
1566.4856823289144,2444.3027832949247,1002.0,274.0,15883532.134002125,3985.4155181622195,100.05617573850043,1341.0038952035775,2167.125889190033,1007.0,286.0,16277679.12693155,4034.5608401206027,88.72408622738925,1051.152057580917,1567.4256851372918,954.0,312.0,8029841.407785905,2833.6975655871775,99.0810330497494,1082.1399863609277,1750.2152062733305,981.0,286.0,9525803.056359245,3086.3934206779318,81.05917072253116,2
1868.6600162317543,3285.0563655486803,944.0,302.0,136572118.5710449,11686.407793388136,86.91260052651533,1799.625138828099,3226.150340329634,938.0,307.0,147443713.35059816,12142.640298068596,86.06728008856595,756.829962436857,1122.1004340671766,916.0,333.0,6489028.558306176,2547.3584921553324,95.51031957145003,1838.1427672519953,3793.4962036965926,940.0,291.0,210636223.52459225,14513.311973567073,80.3799057755292,0
2916.4405460894995,4937.063243711554,973.0,279.0,186259916.36512086,13647.708412179822,77.46573036286178,1964.5991325803607,3155.4825410682074,945.0,286.0,64159748.68801979,8009.9791065061445,78.66012692645461,1267.6701913944673,2089.03459937567,965.0,311.0,40018361.49662744,6326.0068280108735,77.90722498482654,1562.8415589993613,2428.066582841288,954.0,291.0,35239564.93260923,5936.292228210549,81.84065878748875,1
849.6744592052498,1327.9572507012797,920.0,327.0,12195995.039398551,3492.276498209841,82.54731690974936,676.8541795145321,1082.9076268927804,893.0,332.0,10411922.816277595,3226.7511884885353,95.09549753675886,585.3469005720292,883.0411277889212,894.0,343.0,4569216.222298241,2137.572559821534,68.19488422349475,739.2068446420393,1169.7306314386076,920.0,338.0,9904103.609367551,3147.0786006740163,85.73595268455905,0
